{
  "YOLOv8": {
    "map50": 0.15969020214978782,
    "map50_95": 0.10095636439393008,
    "map75": 0.104899714018081,
    "num_images": 323,
    "total_predictions": 11605,
    "total_ground_truths": 323
  },
  "MaskRCNN": {
    "map50": 0.0010141400668278416,
    "map50_95": 0.00026445843655498684,
    "map75": 7.838613744162621e-05,
    "num_images": 323,
    "total_predictions": 32300,
    "total_ground_truths": 323
  }
}