{
  "model": "YOLOv8",
  "model_size": "n",
  "n_shot": 5,
  "epochs": 20,
  "metrics": {
    "map50": 0.5046071428571428,
    "map50_95": 0.4534357142857142,
    "precision": 0.0037136066547831257,
    "recall": 1.0
  },
  "training_time": 1764173541.739261
}